image,class,feat_0,feat_1,feat_2,feat_3,feat_4,feat_5,feat_6,feat_7,feat_8,feat_9,feat_10,feat_11,feat_12,feat_13,feat_14,feat_15,feat_16,feat_17,feat_18,feat_19,feat_20,feat_21,feat_22,feat_23,feat_24,feat_25,feat_26,feat_27,feat_28,feat_29,feat_30,feat_31,feat_32,feat_33,feat_34,feat_35,feat_36,feat_37,feat_38,feat_39,feat_40,feat_41,feat_42,feat_43,feat_44,feat_45,feat_46,feat_47,feat_48,feat_49,feat_50,feat_51,feat_52,feat_53,feat_54,feat_55,feat_56,feat_57,feat_58,feat_59,feat_60,feat_61,feat_62,feat_63,feat_64,feat_65,feat_66,feat_67,feat_68,feat_69,feat_70,feat_71,feat_72,feat_73,feat_74,feat_75,feat_76,feat_77,feat_78,feat_79,feat_80,feat_81,feat_82,feat_83,feat_84,feat_85,feat_86,feat_87,feat_88,feat_89,feat_90,feat_91,feat_92,feat_93,feat_94,feat_95,feat_96,feat_97,feat_98,feat_99,feat_100,feat_101,feat_102,feat_103,feat_104,feat_105,feat_106,feat_107,feat_108,feat_109,feat_110,feat_111,feat_112,feat_113,feat_114,feat_115,feat_116,feat_117,feat_118,feat_119,feat_120,feat_121,feat_122,feat_123,feat_124,feat_125,feat_126,feat_127,feat_128,feat_129,feat_130,feat_131,feat_132,feat_133,feat_134,feat_135,feat_136,feat_137,feat_138,feat_139,feat_140,feat_141,feat_142,feat_143,feat_144,feat_145,feat_146,feat_147,feat_148,feat_149,feat_150,feat_151,feat_152,feat_153,feat_154,feat_155,feat_156,feat_157,feat_158,feat_159,feat_160,feat_161,feat_162,feat_163,feat_164,feat_165,feat_166,feat_167,feat_168,feat_169,feat_170,feat_171,feat_172,feat_173,feat_174,feat_175,feat_176,feat_177,feat_178,feat_179,feat_180,feat_181,feat_182,feat_183,feat_184,feat_185,feat_186,feat_187,feat_188,feat_189,feat_190,feat_191,feat_192,feat_193,feat_194
../dataset/Bare soil/Screenshot 2026-05-10 alle 00.45.08.png,Bare Soil,0.13139,5.40483e-05,0.000199861,1.04392e-05,0.000557825,0.360472,0.33974,0.0842064,0.0730722,0.010298,0,0,0,0,0,0,0,0,0,0,0,0,0,0,0,0,0,0,0,0,0,0,0.13139,0,0,0,2.18887e-06,0.042376,0.267979,0.312179,0.192456,0.0213252,0.0164926,0.00876491,0.00516961,0.00157009,0.000295498,0,0,0,0,0,0,0,0,0,0,0,0,0,0,0,0,0,0.131365,0.00100402,1.43118e-05,0,0.00027142,0.000188243,0.000558667,0,0,0.0001512,0.00080904,0.00874134,0.0118135,0.0181989,0.0274287,0.0743967,0.041071,0.0654415,0.0642188,0.0768773,0.109863,0.110756,0.146505,0.101091,0.00882822,0.000393997,1.31332e-05,0,0,0,0,0,0.131378,0.00100469,0,4.27672e-05,0.000251215,0.000157599,0.00054486,2.18887e-05,0,0.000120051,0.000947444,0.00870531,0.0107061,0.0180939,0.0239961,0.0707355,0.0410289,0.0593543,0.0654232,0.0713026,0.10371,0.119127,0.151638,0.111524,0.00976169,0.000413023,1.17862e-05,0,0,0,0,0,0,0,0,0,0,0,0,0,0,0,0,0,0,0.181994,0.684614,0.00173779,0.131654,0,0,0,0,0,0,0,0,0,0,0,0,0,0,0,0,0,0,0,0,0,0,0,0,0,0,0,0,0,0,0,0.136995,0.338232,0.524773,0,0,0,0,0,0,0,0,0,0,0,0,0,7.87323,18.4293,12.3451
../dataset/Bare soil/Screenshot 2026-05-10 alle 00.48.30.png,Bare Soil,0.131384,9.64787e-05,4.07467e-05,0.000288594,0,0.00785535,0.276126,0.106107,0.439702,0.0383997,0,0,0,0,0,0,0,0,0,0,0,0,0,0,0,0,0,0,0,0,0,0,0.131384,0,0,0,0,0.000147328,0.21972,0.189586,0.102333,0.110533,0.123411,0.103841,0.0189551,5.42166e-05,3.46852e-05,0,0,0,0,0,0,0,0,0,0,0,0,0,0,0,0,0,0.131365,0.000869655,0.000148675,0,4.54612e-05,0.000122745,0.000687474,0.00016265,0,2.32357e-05,2.57613e-05,5.1691e-05,6.31405e-05,0.00118704,0.00554155,0.00685521,0.00988949,0.00910334,0.0431985,0.105832,0.13499,0.0962487,0.0958185,0.168447,0.142162,0.0457979,0.00135205,9.76573e-06,1.01025e-06,0,0,0,0.131384,0.000998799,0,5.55636e-06,5.92679e-05,0.000218214,0.000545029,0.000189927,3.36749e-07,2.32357e-05,2.50878e-05,3.92313e-05,6.3814e-05,0.00119866,0.00545955,0.00655937,0.00961318,0.0109172,0.0759252,0.122513,0.130156,0.0685401,0.110753,0.21164,0.0969623,0.0161438,6.19619e-05,4.20937e-06,3.36749e-07,0,0,0,0,0,0,0,0,0,0,0,0,0,0,0,0.353708,0.405996,0.107386,0.00109898,0.131812,0,0,0,0,0,0,0,0,0,0,0,0,0,0,0,0,0,0,0,0,0,0,0,0,0,0,0,0,0,0,0,0.133452,0.534563,0.331985,0,0,0,0,0,0,0,0,0,0,0,0,0,6.5451,19.634,9.98176
../dataset/Bare soil/Screenshot 2026-05-10 alle 00.57.38.png,Bare Soil,0.0326029,0,0.000207943,4.37774e-06,0.00544456,0.529638,0.192221,0.142537,0.0972396,0.000104224,0,0,0,0,0,0,0,0,0,0,0,0,0,0,0,0,0,0,0,0,0,0,0.0326029,0,0,0,7.39165e-05,0.0808641,0.321776,0.26068,0.207525,0.0808139,0.0150136,0.000639319,1.22913e-05,0,0,0,0,0,0,0,0,0,0,0,0,0,0,0,0,0,0,0,0.0325866,0.000394839,0.000114326,0,0,9.93411e-06,0.000434575,6.46559e-05,0,0,0,0,0,9.88359e-05,0.000917979,0.0218203,0.0700962,0.0773784,0.0721317,0.0424218,0.0489846,0.0714255,0.0947027,0.129225,0.153827,0.142065,0.0394985,0.0016984,9.98462e-05,2.0205e-06,3.36749e-07,0,0.0325866,0.000509165,0,0,0,1.19546e-05,0.000372613,0.000124597,0,0,0,0,0,3.31698e-05,0.000937173,0.0238317,0.0716709,0.0760806,0.0700194,0.0392763,0.0450911,0.0700447,0.0955445,0.132881,0.168837,0.141358,0.0296809,0.001068,3.88945e-05,1.01025e-06,1.68375e-07,0,0,0,0,0,0,0,0,0,0,0,0,0,0,0.322531,0.643865,0.000789677,0.0328152,0,0,0,0,0,0,0,0,0,0,0,0,0,0,0,0,0,0,0,0,0,0,0,0,0,0,0,0,0,0,0,0.0335828,0.231784,0.734565,6.85285e-05,0,0,0,0,0,0,0,0,0,0,0,0,10.82,16.614,15.6423
../dataset/Bare soil/Screenshot 2026-05-10 alle 11.16.11.png,Bare Soil,0.0327783,0,0,0,3.75476e-05,0.0302413,0.246113,0.335484,0.240924,0.101832,0.0125899,0,0,0,0,0,0,0,0,0,0,0,0,0,0,0,0,0,0,0,0,0,0.0327783,0,0.0649328,0.665103,0.103833,0.042732,0.0398974,0.0387199,0.0113262,0.000359817,0.000317386,0,0,0,0,0,0,0,0,0,0,0,0,0,0,0,0,0,0,0,0,0,0.0325866,0.000224107,0.000285058,0,0,6.06149e-06,0.000266874,0.00023623,0,0,0,0,2.18887e-06,0.00015642,0.00607664,0.025861,0.043376,0.0409302,0.0264981,0.041799,0.0540612,0.110497,0.2252,0.226918,0.111978,0.051593,0.00139852,4.47877e-05,4.04099e-06,0,0,0,0.0325866,0.000509165,0,0,0,6.06149e-06,0.000220234,0.000282869,0,0,0,0,0,5.27013e-05,0.00313025,0.0196598,0.0372522,0.0454,0.0260711,0.0362692,0.0466659,0.0857205,0.197209,0.262119,0.13777,0.0657144,0.00330031,5.55636e-05,5.21961e-06,0,0,0,0,0,0,0,0,0,0,0,0,0,0,0,0,0,0.83708,0.130142,0.0327783,0,0,0,0,0,0,0,0,0,0,0,0,0,0,0,0,0,0,0,0,0,0,0,0,0,0,0,0,0,0,8.08198e-06,0.717175,0.282817,0,0,0,0,0,0,0,0,0,0,0,0,0,0,8.94166,16.1711,14.6348
../dataset/Bare soil/Screenshot 2026-05-10 alle 11.16.18.png,Bare Soil,0.0329812,0,0,0,3.19912e-06,0.00267598,0.0499628,0.157412,0.436998,0.29658,0.0233874,0,0,0,0,0,0,0,0,0,0,0,0,0,0,0,0,0,0,0,0,0,0.0329812,0,0.10307,0.29706,0.264429,0.151806,0.0894073,0.0382719,0.0157558,0.00679914,0.000418748,0,0,0,0,0,0,0,0,0,0,0,0,0,0,0,0,0,0,0,0,0,0.0325866,0.00039467,0.000114495,0,0,0,0.000427672,8.14933e-05,0,0,0,0,0,2.45827e-05,0.00590153,0.0205782,0.0309727,0.0594834,0.0791228,0.0986467,0.0960071,0.134609,0.147907,0.135875,0.0988262,0.0559659,0.00242443,4.07467e-05,9.59736e-06,0,0,0,0.0325866,0.000509165,0,0,0,0,0.00025273,0.000256435,0,0,0,0,0,2.69399e-06,0.00332574,0.0172525,0.0265347,0.0479736,0.0752512,0.0958803,0.0940371,0.129282,0.152453,0.145996,0.100676,0.0731312,0.00453568,5.45534e-05,9.59736e-06,0,0,0,0,0,0,0,0,0,0,0,0,0,0,0,0,7.57686e-06,0.906903,0.0601079,0.0329812,0,0,0,0,0,0,0,0,0,0,0,0,0,0,0,0,0,0,0,0,0,0,0,0,0,0,0,0,0,0,0,0.968798,0.0312017,0,0,0,0,0,0,0,0,0,0,0,0,0,0,9.20423,16.0554,14.7607
../dataset/Bare soil/Screenshot 2026-05-10 alle 11.28.24.png,Bare Soil,0.131797,0,0,0,0,0,0,0,6.83601e-05,0.0273031,0.281099,0.467498,0.0921383,9.63103e-05,0,0,0,0,0,0,0,0,0,0,0,0,0,0,0,0,0,0,0.131797,0,5.38799e-06,0.00119142,0.0810768,0.190991,0.113448,0.18123,0.131766,0.0851061,0.0373425,0.017709,0.0116197,0.0090626,0.00420987,0.00209458,0.00113485,0.000207774,3.36749e-06,3.03074e-06,0,0,0,0,0,0,0,0,0,0,0,0,0.131365,0.000865109,0.000153221,0,9.96778e-05,0.000424809,0.000220739,0.000273104,0,5.3038e-05,4.93338e-05,0.000166691,0.000310483,0.00387346,0.00867197,0.0119905,0.0165398,0.0404695,0.0440125,0.0478592,0.079738,0.152525,0.185864,0.163625,0.0815351,0.0278163,0.00149837,1.17862e-06,0,0,0,0,0.13137,0.00101261,0,3.31698e-05,0.000134363,0.000395175,0.000162482,0.00029314,2.79502e-05,3.56954e-05,0.00021131,0.00209643,0.0061977,0.00913719,0.011505,0.0120944,0.0182245,0.0325736,0.0383256,0.0479593,0.0818912,0.156477,0.195928,0.163048,0.0735188,0.0172116,0.000134531,1.17862e-06,0,0,0,0,0,0,0,0,0,0,0,0,0,0,0,0,0,0.00375981,0.827074,0.0372728,0.131894,0,0,0,0,0,0,0,0,0,0,0,0,0,0,0,0,0,0,0,0,0,0,0,0,0,0,0,0,1.4817e-05,0.079312,0.63772,0.282953,0,0,0,0,0,0,0,0,0,0,0,0,0,0,0,8.17264,19.3448,13.5175
../dataset/Bare soil/Screenshot 2026-05-10 alle 11.29.21.png,Bare Soil,0.132088,0,0,0,0,0,0,0,5.85944e-05,0.0326185,0.381389,0.453805,3.78843e-05,2.86237e-06,0,0,0,0,0,0,0,0,0,0,0,0,0,0,0,0,0,0,0.132088,0,0,0.000256435,0.106409,0.226365,0.124856,0.0504083,0.0821864,0.181372,0.0935441,0.00232963,5.25329e-05,0,0,0,0.000129648,2.35725e-06,0,0,0,0,0,0,0,0,0,0,0,0,0,0,0.131365,0.000942898,7.54318e-05,0,0,0.000485087,0.000159451,0.000373792,0,0,0,9.61419e-05,0.000383894,4.71449e-05,4.93338e-05,0.000570622,0.0534918,0.205271,0.0931617,0.0325546,0.0186182,0.0194018,0.0284344,0.0700952,0.138372,0.189497,0.0165541,0,0,0,0,0,0.131365,0.00101833,0,0,1.01025e-06,0.000484751,0.000103382,0.000410666,1.85212e-05,0,0,5.32064e-05,0.000402079,5.3038e-05,4.57979e-05,0.000730241,0.0617703,0.197572,0.0898272,0.0328383,0.0195182,0.0188165,0.0274986,0.0774795,0.161423,0.173526,0.00504467,0,0,0,0,0,0,0,0,0,0,0,0,0,0,0,0,0,0,1.12811e-05,0.866554,0.00134363,0.132091,0,0,0,0,0,0,0,0,0,0,0,0,0,0,0,0,0,0,0,0,0,0,0,0,0,0,0,0,0,6.56661e-06,0.618671,0.381322,0,0,0,0,0,0,0,0,0,0,0,0,0,0,0,7.77792,20.2786,13.9537
../dataset/Bare soil/Screenshot 2026-05-10 alle 11.31.08.png,Bare Soil,0.132264,0,0,0,0,0,0,0,0.000365205,0.0930016,0.588293,0.185926,0.000150022,0,0,0,0,0,0,0,0,0,0,0,0,0,0,0,0,0,0,0,0.132264,0,4.98389e-05,0.00162599,0.078294,0.384572,0.260693,0.0771275,0.0392453,0.022177,0.00379112,9.15958e-05,4.84919e-05,0,2.0205e-05,0,0,0,0,0,0,0,0,0,0,0,0,0,0,0,0,0,0.131365,0.00101833,0,0,0.000188411,0.000287079,0.00054284,0,0,3.04758e-05,0.0001544,0.000160798,0.00011601,0.000214341,0.00301559,0.0169072,0.0417729,0.0467523,0.0854156,0.155109,0.226357,0.176124,0.0990727,0.0153928,4.04099e-06,0,0,0,0,0,0,0,0.13142,0.000962766,0,0,0.000245659,0.000222423,0.000550248,0,0,1.16179e-05,0.00013773,0.000124766,0.000131501,0.000145812,0.00180447,0.011332,0.0375859,0.0426919,0.0734514,0.136365,0.214464,0.210649,0.117906,0.0197726,2.57613e-05,1.68375e-07,0,0,0,0,0,0,0,0,0,0,0,0,0,0,0,0,0,0,0,0,0.865824,0.00191257,0.132264,0,0,0,0,0,0,0,0,0,0,0,0,0,0,0,0,0,0,0,0,0,0,0,0,0,0,0,0,0,2.52562e-06,0.497764,0.502234,0,0,0,0,0,0,0,0,0,0,0,0,0,0,0,8.21265,18.4148,13.9905
../dataset/Stones/Screenshot 2026-05-10 alle 00.49.48.png,Stone,0.131417,2.84553e-05,1.81845e-05,0.000190432,0.0524071,0.124348,0.13172,0.12183,0.175777,0.262183,8.01463e-05,0,0,0,0,0,0,0,0,0,0,0,0,0,0,0,0,0,0,0,0,0,0.131417,0,0,5.89311e-06,0.0552412,0.263714,0.103034,0.0562424,0.0429726,0.0678888,0.0930844,0.109603,0.0608471,0.0151837,0.000637972,1.85212e-06,1.01025e-06,0.000100351,6.73499e-06,7.40849e-06,0,8.41873e-07,9.42898e-06,0,0,0,0,0,0,0,0,0,0.131365,0.000979772,3.85578e-05,1.04392e-05,0.00019161,0.000301559,0.000432386,9.22693e-05,2.49194e-05,2.47511e-05,0.000175952,0.00188041,0.00777403,0.00991659,0.019684,0.0498914,0.100391,0.0870388,0.0793358,0.077897,0.0667412,0.0534935,0.0567758,0.0588549,0.0507074,0.0474025,0.0366649,0.0346853,0.022406,0.00479649,2.60981e-05,0,0.131435,0.000947949,0,5.06808e-05,0.000195483,0.000330688,0.000303748,0.000147328,2.55929e-05,1.78477e-05,0.000183192,0.00231397,0.00756693,0.0099501,0.0214314,0.0574469,0.103326,0.0823628,0.0847357,0.0712354,0.0615857,0.0474439,0.0575166,0.0613712,0.0517737,0.0496188,0.0378961,0.0357549,0.0205617,0.00246719,3.70424e-06,0,0,0,0,0,0,0,0,0,0,0,0,0,0.032397,0.407437,0.426889,0.00163105,0.131646,0,0,0,0,0,0,0,0,0,0,0,0,0,0,0,0,0,0,0,0,0,0,0,0,0,0,0,0,0,0,0,0.171176,0.70693,0.12108,0.000814428,0,0,0,0,0,0,0,0,0,0,0,0,9.37375,20.2133,13.8499
../dataset/Stones/Screenshot 2026-05-10 alle 00.49.56.png,Stone,0.131447,6.80234e-05,7.08857e-05,0.00744553,0.227964,0.123652,0.0928351,0.0998938,0.0881849,0.228424,1.44802e-05,0,0,0,0,0,0,0,0,0,0,0,0,0,0,0,0,0,0,0,0,0,0.131447,0,0,1.51537e-06,0.0272604,0.144456,0.114499,0.152046,0.0886754,0.0538132,0.0645223,0.129038,0.0761784,0.0167769,0.00119024,4.12518e-05,4.54612e-06,3.40117e-05,8.58711e-06,6.73499e-07,0,0,6.22986e-06,0,0,0,0,0,0,0,0,0,0.131365,0.000880936,0.000137394,2.60981e-05,0.000188748,0.000440468,0.000221749,0.000143455,0.000215183,0.00308176,0.00531289,0.0136276,0.0266749,0.0412557,0.0498758,0.0692621,0.106868,0.0782233,0.0546487,0.0414402,0.0323054,0.0320636,0.0382906,0.0422135,0.042402,0.0508875,0.0543173,0.0476209,0.0255303,0.0078865,0.00203818,0.000554289,0.131439,0.000943908,0,7.96412e-05,0.000194304,0.000346347,0.000203902,0.000186391,0.00025071,0.0026061,0.00504939,0.0124562,0.0260349,0.0401255,0.0526942,0.0729973,0.106062,0.0763429,0.0511984,0.0387043,0.0308215,0.0321508,0.0381207,0.0433664,0.0436654,0.0539597,0.0574412,0.0494808,0.0248046,0.00645969,0.00150645,0.000306947,0,0,0,0,0,0,0,0,0,0,0,0,0.00451968,0.340995,0.516038,0.00672,0.131727,0,0,0,0,0,0,0,0,0,0,0,0,0,0,0,0,0,0,0,0,0,0,0,0,0,0,0,0,0,0,0,0.195935,0.463013,0.301976,0.0383293,0.000746742,0,0,0,0,0,0,0,0,0,0,0,13.0258,24.5166,16.2729
../dataset/Stones/Screenshot 2026-05-10 alle 00.50.45.png,Stone,0.0326798,7.13909e-05,4.31039e-05,0.00739619,0.170855,0.10291,0.0618314,0.112556,0.296108,0.215489,5.85944e-05,0,0,0,0,0,0,0,0,0,0,0,0,0,0,0,0,0,0,0,0,0,0.0326798,0,0,1.46486e-05,1.01025e-05,0.0145519,0.15651,0.208718,0.163419,0.133021,0.106549,0.0714409,0.0545561,0.0369902,0.0168817,0.0042262,0.000360153,6.98755e-05,6.73499e-07,0,0,0,0,0,0,0,0,0,0,0,0,0,0.0325866,0.000509165,0,6.73499e-06,0.000213162,0.000286574,2.69399e-06,3.36749e-07,6.48242e-05,5.00073e-05,0.000143118,0.00411003,0.0152588,0.0318292,0.0719746,0.071539,0.0680316,0.0898951,0.132035,0.126179,0.076765,0.0417404,0.0314578,0.0292489,0.0353934,0.0432112,0.0428547,0.0341944,0.0171136,0.00308782,0.000149517,6.85285e-05,0.0326861,0.000409656,0,8.33455e-05,0.000232525,0.000190432,2.86237e-06,6.73499e-07,6.34772e-05,5.27013e-05,0.000212657,0.00531306,0.0146971,0.0351327,0.0737589,0.0676423,0.0682241,0.097188,0.134879,0.124421,0.0666558,0.040471,0.0290493,0.0294898,0.0362462,0.0445144,0.045229,0.0364413,0.0146484,0.00193732,0.000100688,2.60981e-05,0,0,0,0,0,0,0,0,0,0,0,0,0.000478352,0.618937,0.346349,0.00141502,0.0328203,0,0,0,0,0,0,0,0,0,0,0,0,0,0,0,0,0,0,0,0,0,0,0,0,0,0,0,0,0,0,0,0.0906452,0.598637,0.2605,0.0497391,0.000479194,0,0,0,0,0,0,0,0,0,0,0,12.701,16.0947,15.2222
../dataset/Stones/Screenshot 2026-05-10 alle 00.51.28.png,Stone,0.0326116,4.83235e-05,9.09223e-06,0.00563247,0.170811,0.147108,0.118378,0.124355,0.134593,0.266453,0,0,0,0,0,0,0,0,0,0,0,0,0,0,0,0,0,0,0,0,0,0,0.0326116,0,0,6.73499e-07,0.0351262,0.189541,0.134,0.135886,0.0918246,0.0678466,0.0802208,0.128724,0.0785941,0.0237561,0.00184488,2.44143e-05,0,0,0,0,0,0,0,0,0,0,0,0,0,0,0,0,0.0325866,0.000390798,0.000118367,0,0,0.000318228,0.000105908,8.50292e-05,0,6.75182e-05,0.00365373,0.015507,0.0409044,0.047253,0.0490585,0.07152,0.104779,0.0823534,0.0694929,0.0727653,0.0549329,0.0388562,0.0437158,0.0452781,0.0478137,0.0535489,0.0490824,0.04571,0.024281,0.00404621,0.00111144,0.000663733,0.0325866,0.000509165,0,0,9.26061e-06,0.00031806,6.58345e-05,0.00011601,0,1.73426e-05,0.00339679,0.0150077,0.0397852,0.045643,0.0512489,0.0767862,0.105819,0.0781647,0.0704761,0.0691833,0.0494688,0.0373115,0.0445511,0.0473579,0.0500995,0.056159,0.052263,0.0478393,0.0218496,0.00262833,0.000947107,0.000391303,0,0,0,0,0,0,0,0,0,0,0,0,0.00722933,0.404382,0.551872,0.00378287,0.0327339,0,0,0,0,0,0,0,0,0,0,0,0,0,0,0,0,0,0,0,0,0,0,0,0,0,0,0,0,0,0,0,0.101887,0.6274,0.244006,0.0255682,0.00113889,0,0,0,0,0,0,0,0,0,0,0,12.2529,18.7462,14.824
../dataset/Stones/Screenshot 2026-05-10 alle 00.51.59.png,Stone,0.0326686,1.68375e-06,0,0.000103719,0.024627,0.154956,0.175044,0.123131,0.246509,0.242958,6.73499e-07,0,0,0,0,0,0,0,0,0,0,0,0,0,0,0,0,0,0,0,0,0,0.0326686,0,0,0,0.0590593,0.304396,0.111909,0.0725858,0.0622256,0.105317,0.119761,0.0873991,0.0348724,0.00911328,0.000691851,8.41873e-07,0,0,0,0,0,0,0,0,0,0,0,0,0,0,0,0,0.0325866,0.000467913,4.12518e-05,0,0,0.000104224,0.000404941,0,0,0,0,3.50219e-05,3.58638e-05,0.00038844,0.0179479,0.0468433,0.0827405,0.0830481,0.0955402,0.116284,0.10159,0.0677796,0.0519468,0.0596233,0.0657597,0.0739959,0.0483951,0.0335226,0.0172178,0.00368404,1.65007e-05,3.36749e-07,0.0325866,0.000509165,0,0,1.68375e-07,0.000136215,0.00037194,8.41873e-07,0,0,0,2.37408e-05,3.70424e-05,0.000381705,0.0198278,0.0492974,0.0872159,0.0849955,0.105281,0.112155,0.0952689,0.0534455,0.052628,0.0622483,0.0696217,0.0736397,0.0515917,0.0313919,0.015752,0.00158525,7.24011e-06,0,0,0,0,0,0,0,0,0,0,0,0,0,0.0558692,0.452372,0.458315,0.000670131,0.032774,0,0,0,0,0,0,0,0,0,0,0,0,0,0,0,0,0,0,0,0,0,0,0,0,0,0,0,0,0,0,0,0.0603281,0.83411,0.105562,0,0,0,0,0,0,0,0,0,0,0,0,0,9.02015,14.9987,12.8722
../dataset/Stones/Screenshot 2026-05-10 alle 00.52.28.png,Stone,0,0,0,0,0.000385244,0.126156,0.289594,0.168014,0.235305,0.180547,0,0,0,0,0,0,0,0,0,0,0,0,0,0,0,0,0,0,0,0,0,0,0,0,0,0,0,0.0151678,0.209606,0.302928,0.0835286,0.0797032,0.125157,0.127027,0.0503847,0.00645209,4.48956e-05,0,0,0,0,0,0,0,0,0,0,0,0,0,0,0,0,0,0,0,0,0,0,0,0,0,0,0,0,0,7.1965e-05,0.00962747,0.066907,0.093127,0.12932,0.160847,0.106376,0.0920132,0.0872807,0.0659186,0.053985,0.0511859,0.0539576,0.0267627,0.00262012,3.30115e-07,0,0,0,0,0,0,0,0,0,0,0,0,0,0,0,0,8.51696e-05,0.0129672,0.068612,0.0971917,0.137266,0.151599,0.0952767,0.094389,0.0830351,0.0666271,0.0559435,0.0551262,0.0570791,0.0233546,0.00144689,0,0,0,0,0,0,0,0,0,0,0,0,0,0,0,0,0,0.00157927,0.648259,0.350161,0,0,0,0,0,0,0,0,0,0,0,0,0,0,0,0,0,0,0,0,0,0,0,0,0,0,0,0,0,0,0,0,0,0.00182752,0.651321,0.346851,9.90344e-07,0,0,0,0,0,0,0,0,0,0,0,0,9.73147,7.18212,13.6481
../dataset/Stones/Screenshot 2026-05-10 alle 00.53.46.png,Stone,0,0,0,0,0.0081377,0.250579,0.244119,0.133463,0.232585,0.131117,0,0,0,0,0,0,0,0,0,0,0,0,0,0,0,0,0,0,0,0,0,0,0,0,0,0,0.000341277,0.116053,0.324437,0.183021,0.0872589,0.0729133,0.108716,0.0951072,0.0120484,0.000104205,0,0,0,0,0,0,0,0,0,0,0,0,0,0,0,0,0,0,0,0,0,0,0,0,0,0,0,0,0,0,0,0,0.000259662,0.0143072,0.0539898,0.0849056,0.144606,0.164058,0.107869,0.0821479,0.0758629,0.0860361,0.0786475,0.058902,0.0358856,0.0119551,0.000564747,2.42902e-06,0,0,0,0,0,0,0,0,0,0,0,0,0,0,0,0,0.000524668,0.0174457,0.0583091,0.0897875,0.165731,0.140262,0.0981882,0.077331,0.0750351,0.0912038,0.0825507,0.058242,0.0353007,0.00992521,0.000163473,0,0,0,0,0,0,0,0,0,0,0,0,0,0,0,0.0289114,0.499568,0.471521,0,0,0,0,0,0,0,0,0,0,0,0,0,0,0,0,0,0,0,0,0,0,0,0,0,0,0,0,0,0,0,0,0,0,0.626255,0.373744,1.21451e-06,0,0,0,0,0,0,0,0,0,0,0,0,10.1124,7.84469,13.8943
../dataset/Stones/Screenshot 2026-05-10 alle 00.54.35(1).png,Stone,0,0,0,0,0.00664764,0.281816,0.394293,0.253019,0.0640102,0.000215296,0,0,0,0,0,0,0,0,0,0,0,0,0,0,0,0,0,0,0,0,0,0,0,0,0,0,0,0.00182988,0.265534,0.424717,0.233234,0.065942,0.00852471,0.000216692,2.23394e-06,0,0,0,0,0,0,0,0,0,0,0,0,0,0,0,0,0,0,0,0,0,0,0,0,0,0,0,0,0,0,0.000641978,0.00415569,0.00834544,0.0162497,0.0276855,0.0444386,0.0549077,0.0757973,0.0906639,0.116726,0.142963,0.153018,0.112905,0.0944261,0.0537346,0.00310964,0.000203568,2.70865e-05,8.37727e-07,0,0,0,0,0,0,0,0,0,0,0,0,0,0.000642816,0.0037667,0.00761941,0.0157713,0.0254273,0.0423817,0.0542325,0.0736831,0.0935476,0.12231,0.153367,0.151332,0.11176,0.107456,0.035003,0.00153025,0.000157213,1.22867e-05,2.79242e-07,0,0,0,0,0,0,0,0,0,0,0,0,0,0,0,0.568053,0.431947,0,0,0,0,0,0,0,0,0,0,0,0,0,0,0,0,0,0,0,0,0,0,0,0,0,0,0,0,0,0,0,0,0,0,0.281701,0.717192,0.00110748,0,0,0,0,0,0,0,0,0,0,0,0,10.189,9.37098,13.1863
../dataset/Stones/Screenshot 2026-05-10 alle 00.54.35.png,Stone,0,0,0,0,0.00664764,0.281816,0.394293,0.253019,0.0640102,0.000215296,0,0,0,0,0,0,0,0,0,0,0,0,0,0,0,0,0,0,0,0,0,0,0,0,0,0,0,0.00182988,0.265534,0.424717,0.233234,0.065942,0.00852471,0.000216692,2.23394e-06,0,0,0,0,0,0,0,0,0,0,0,0,0,0,0,0,0,0,0,0,0,0,0,0,0,0,0,0,0,0,0.000641978,0.00415569,0.00834544,0.0162497,0.0276855,0.0444386,0.0549077,0.0757973,0.0906639,0.116726,0.142963,0.153018,0.112905,0.0944261,0.0537346,0.00310964,0.000203568,2.70865e-05,8.37727e-07,0,0,0,0,0,0,0,0,0,0,0,0,0,0.000642816,0.0037667,0.00761941,0.0157713,0.0254273,0.0423817,0.0542325,0.0736831,0.0935476,0.12231,0.153367,0.151332,0.11176,0.107456,0.035003,0.00153025,0.000157213,1.22867e-05,2.79242e-07,0,0,0,0,0,0,0,0,0,0,0,0,0,0,0,0.568053,0.431947,0,0,0,0,0,0,0,0,0,0,0,0,0,0,0,0,0,0,0,0,0,0,0,0,0,0,0,0,0,0,0,0,0,0,0.281701,0.717192,0.00110748,0,0,0,0,0,0,0,0,0,0,0,0,10.189,9.37098,13.1863
../dataset/Stones/Screenshot 2026-05-10 alle 00.54.59(1).png,Stone,0.0326201,9.09223e-06,1.09444e-05,4.04099e-06,0.0404741,0.349034,0.207512,0.214927,0.129383,0.0260237,1.85212e-06,0,0,0,0,0,0,0,0,0,0,0,0,0,0,0,0,0,0,0,0,0,0.0326201,0,0,0,1.85212e-06,0.0446533,0.38207,0.32375,0.116049,0.0573499,0.0315724,0.00912826,0.00252074,0.00019784,8.70497e-05,0,0,0,0,0,0,0,0,0,0,0,0,0,0,0,0,0,0.0325866,0.000343484,0.000165681,0,3.45168e-05,8.41873e-05,0.000284385,0.000106076,0,1.01025e-06,0.00102843,0.0100964,0.0130115,0.0195368,0.0278155,0.0282337,0.0347901,0.0435154,0.0650318,0.0783501,0.0868539,0.102585,0.126784,0.111048,0.108697,0.0826036,0.0240875,0.00228821,3.63689e-05,1.17862e-06,0,0,0.0325975,0.000498221,0,0,4.24304e-05,7.8631e-05,0.000277987,0.000110117,0,5.05124e-07,0.00120977,0.00992367,0.0123306,0.0180304,0.027484,0.0278338,0.0329785,0.0449107,0.0627788,0.0814248,0.0842751,0.106709,0.121279,0.117995,0.121013,0.0759491,0.0187536,0.0015014,1.41435e-05,0,0,0,0,0,0,0,0,0,0,0,0,0,0,0,6.33089e-05,0.419023,0.54734,0.000929765,0.0326441,0,0,0,0,0,0,0,0,0,0,0,0,0,0,0,0,0,0,0,0,0,0,0,0,0,0,0,0,0,0,0,0.0339895,0.44417,0.521731,0.000109444,0,0,0,0,0,0,0,0,0,0,0,0,11.513,16.9836,15.3181
../dataset/Stones/Screenshot 2026-05-10 alle 00.54.59.png,Stone,0.0326201,9.09223e-06,1.09444e-05,4.04099e-06,0.0404741,0.349034,0.207512,0.214927,0.129383,0.0260237,1.85212e-06,0,0,0,0,0,0,0,0,0,0,0,0,0,0,0,0,0,0,0,0,0,0.0326201,0,0,0,1.85212e-06,0.0446533,0.38207,0.32375,0.116049,0.0573499,0.0315724,0.00912826,0.00252074,0.00019784,8.70497e-05,0,0,0,0,0,0,0,0,0,0,0,0,0,0,0,0,0,0.0325866,0.000343484,0.000165681,0,3.45168e-05,8.41873e-05,0.000284385,0.000106076,0,1.01025e-06,0.00102843,0.0100964,0.0130115,0.0195368,0.0278155,0.0282337,0.0347901,0.0435154,0.0650318,0.0783501,0.0868539,0.102585,0.126784,0.111048,0.108697,0.0826036,0.0240875,0.00228821,3.63689e-05,1.17862e-06,0,0,0.0325975,0.000498221,0,0,4.24304e-05,7.8631e-05,0.000277987,0.000110117,0,5.05124e-07,0.00120977,0.00992367,0.0123306,0.0180304,0.027484,0.0278338,0.0329785,0.0449107,0.0627788,0.0814248,0.0842751,0.106709,0.121279,0.117995,0.121013,0.0759491,0.0187536,0.0015014,1.41435e-05,0,0,0,0,0,0,0,0,0,0,0,0,0,0,0,6.33089e-05,0.419023,0.54734,0.000929765,0.0326441,0,0,0,0,0,0,0,0,0,0,0,0,0,0,0,0,0,0,0,0,0,0,0,0,0,0,0,0,0,0,0,0.0339895,0.44417,0.521731,0.000109444,0,0,0,0,0,0,0,0,0,0,0,0,11.513,16.9836,15.3181
../dataset/Stones/Screenshot 2026-05-10 alle 11.19.43.png,Stone,0.0327682,0,0,0,0.000764253,0.0529099,0.129992,0.12285,0.159641,0.395095,0.105978,8.41873e-07,0,0,0,0,0,0,0,0,0,0,0,0,0,0,0,0,0,0,0,0,0.0327682,0,0.00182131,0.216973,0.154489,0.11978,0.195458,0.192732,0.0595391,0.0217848,0.00431713,0.000260981,7.67788e-05,0,0,0,0,0,0,0,0,0,0,0,0,0,0,0,0,0,0,0,0.0325866,0.000249363,0.000259802,0,0,0,0.000211142,0.000298023,0,0,0,0,4.6303e-05,0.000709026,0.00749351,0.0156514,0.0284717,0.0377196,0.0681082,0.103557,0.128547,0.158107,0.136557,0.138186,0.0966422,0.0361211,0.00923855,0.00118047,5.67423e-05,2.86237e-06,0,0,0.0325866,0.000509165,0,0,0,0,0.000168375,0.00034079,0,0,0,0,1.31332e-05,0.000450907,0.0062041,0.0133607,0.0253523,0.0332193,0.0625832,0.101502,0.133355,0.158678,0.141639,0.146892,0.0910174,0.0390926,0.0113097,0.0016595,6.3814e-05,2.0205e-06,0,0,0,0,0,0,0,0,0,0,0,0,0,0,0,0.16779,0.729322,0.0701196,0.0327682,0,0,0,0,0,0,0,0,0,0,0,0,0,0,0,0,0,0,0,0,0,0,0,0,0,0,0,0,0,0,0.00126146,0.687418,0.31132,0,0,0,0,0,0,0,0,0,0,0,0,0,0,9.68151,16.2236,15.016
../dataset/Stones/Screenshot 2026-05-10 alle 11.20.37.png,Stone,0,0,0,0,0.00167641,0.206135,0.398793,0.161194,0.173639,0.0582815,0.000281001,0,0,0,0,0,0,0,0,0,0,0,0,0,0,0,0,0,0,0,0,0,0,0,0.0402691,0.650307,0.179837,0.0642474,0.0380783,0.021282,0.00521003,0.000748567,2.03457e-05,0,0,0,0,0,0,0,0,0,0,0,0,0,0,0,0,0,0,0,0,0,0,0,0,0,0,0,0,0,0,0,0,0,0.000122458,0.000681388,0.00277008,0.01247,0.032168,0.0535556,0.0800046,0.0910565,0.0934504,0.116317,0.139698,0.155677,0.135036,0.0709531,0.0149552,0.00108446,0,0,0,0,0,0,0,0,0,0,0,0,0,0,0,0,4.95206e-05,0.000582731,0.00158312,0.00913406,0.0228586,0.0459666,0.0688962,0.0874538,0.0916607,0.105065,0.130402,0.160564,0.157359,0.0947556,0.0211127,0.00255588,0,0,0,0,0,0,0,0,0,0,0,0,0,0,0,0,0,0,0.626139,0.373861,0,0,0,0,0,0,0,0,0,0,0,0,0,0,0,0,0,0,0,0,0,0,0,0,0,0,0,0,0,0,0,0,0.373024,0.626976,0,0,0,0,0,0,0,0,0,0,0,0,0,0,9.64468,7.4191,13.3603
../dataset/Stones/Screenshot 2026-05-10 alle 11.20.45.png,Stone,0,0,0,0,0.00102129,0.10712,0.230695,0.254835,0.276431,0.111276,0.0186224,0,0,0,0,0,0,0,0,0,0,0,0,0,0,0,0,0,0,0,0,0,0,0,0.0808461,0.624171,0.175528,0.0840738,0.0281409,0.00689818,0.000341348,6.88201e-07,0,0,0,0,0,0,0,0,0,0,0,0,0,0,0,0,0,0,0,0,0,0,0,0,0,0,0,0,0,0,0,0,0,0,0,0.000562949,0.00274799,0.00739162,0.029179,0.0606051,0.0800371,0.0982996,0.130683,0.155213,0.151349,0.130847,0.0919275,0.0456818,0.0145407,0.000934577,0,0,0,0,0,0,0,0,0,0,0,0,0,0,0,0,0,0.000136952,0.00197101,0.00453249,0.0189806,0.0461477,0.0760947,0.0871366,0.117865,0.153528,0.159651,0.146401,0.107939,0.058602,0.018504,0.00250987,0,0,0,0,0,0,0,0,0,0,0,0,0,0,0,0,0,0,0.740783,0.259217,0,0,0,0,0,0,0,0,0,0,0,0,0,0,0,0,0,0,0,0,0,0,0,0,0,0,0,0,0,0,0,3.44101e-06,0.67029,0.329707,0,0,0,0,0,0,0,0,0,0,0,0,0,0,9.90092,7.15624,14.282
../dataset/Stones/Screenshot 2026-05-10 alle 11.21.23(1).png,Stone,0.0326992,0,9.12591e-05,0.011582,0.089742,0.226962,0.169208,0.150783,0.185888,0.121011,0.0120322,1.01025e-06,0,0,0,0,0,0,0,0,0,0,0,0,0,0,0,0,0,0,0,0,0.0326992,3.45168e-05,0.141555,0.36701,0.280863,0.0996002,0.0454812,0.0156087,0.0128243,0.00355776,0.000752298,1.31332e-05,0,0,0,0,0,0,0,0,0,0,0,0,0,0,0,0,0,0,0,0,0.0325866,0.000382716,0.000126449,0,0,6.6508e-05,0.000314692,0.000127965,0,0.000490307,0.00666595,0.0223937,0.0273358,0.0359699,0.0546665,0.0655644,0.062432,0.0618974,0.0624172,0.0691565,0.0727826,0.0770482,0.0818112,0.0898584,0.08297,0.0652098,0.0225844,0.00381133,0.000893733,0.000391134,4.46193e-05,0,0.0325866,0.000509165,0,0,0,4.25988e-05,0.000186222,0.000280344,0,0.000477847,0.00286456,0.0182804,0.0231867,0.0287737,0.0442406,0.0601939,0.0643621,0.0602578,0.0607413,0.0673783,0.0714757,0.0761717,0.0835527,0.0935353,0.0940677,0.0772794,0.0325785,0.00580169,0.00102759,0.000147496,0,0,0,0,0,0,0,0,0,0,0,0,0,0,0,0,0.388152,0.57909,0.0327586,0,0,0,0,0,0,0,0,0,0,0,0,0,0,0,0,0,0,0,0,0,0,0,0,0,0,0,0,0,0,2.76134e-05,0.604392,0.388249,0.00654119,0.000789846,0,0,0,0,0,0,0,0,0,0,0,0,14.2861,19.3408,16.6509
../dataset/Stones/Screenshot 2026-05-10 alle 11.21.23.png,Stone,0.0326992,0,9.12591e-05,0.011582,0.089742,0.226962,0.169208,0.150783,0.185888,0.121011,0.0120322,1.01025e-06,0,0,0,0,0,0,0,0,0,0,0,0,0,0,0,0,0,0,0,0,0.0326992,3.45168e-05,0.141555,0.36701,0.280863,0.0996002,0.0454812,0.0156087,0.0128243,0.00355776,0.000752298,1.31332e-05,0,0,0,0,0,0,0,0,0,0,0,0,0,0,0,0,0,0,0,0,0.0325866,0.000382716,0.000126449,0,0,6.6508e-05,0.000314692,0.000127965,0,0.000490307,0.00666595,0.0223937,0.0273358,0.0359699,0.0546665,0.0655644,0.062432,0.0618974,0.0624172,0.0691565,0.0727826,0.0770482,0.0818112,0.0898584,0.08297,0.0652098,0.0225844,0.00381133,0.000893733,0.000391134,4.46193e-05,0,0.0325866,0.000509165,0,0,0,4.25988e-05,0.000186222,0.000280344,0,0.000477847,0.00286456,0.0182804,0.0231867,0.0287737,0.0442406,0.0601939,0.0643621,0.0602578,0.0607413,0.0673783,0.0714757,0.0761717,0.0835527,0.0935353,0.0940677,0.0772794,0.0325785,0.00580169,0.00102759,0.000147496,0,0,0,0,0,0,0,0,0,0,0,0,0,0,0,0,0.388152,0.57909,0.0327586,0,0,0,0,0,0,0,0,0,0,0,0,0,0,0,0,0,0,0,0,0,0,0,0,0,0,0,0,0,0,2.76134e-05,0.604392,0.388249,0.00654119,0.000789846,0,0,0,0,0,0,0,0,0,0,0,0,14.2861,19.3408,16.6509
../dataset/Stones/Screenshot 2026-05-10 alle 11.21.52.png,Stone,0.0326046,5.82576e-05,4.05783e-05,7.89677e-05,0.100898,0.200873,0.171132,0.176509,0.243592,0.0742132,0,0,0,0,0,0,0,0,0,0,0,0,0,0,0,0,0,0,0,0,0,0,0.0326046,0,0,0,0.0137456,0.150309,0.309279,0.196354,0.0959377,0.0714784,0.0595327,0.0461358,0.0211096,0.00326377,0.000238924,0,0,1.02709e-05,0,0,0,0,0,0,0,0,0,0,0,0,0,0,0.0325866,0.000505292,3.87262e-06,0,0.000125439,0.000319238,6.44875e-05,0,3.70424e-06,8.23352e-05,0.000527181,0.00803518,0.0234053,0.0275483,0.0517028,0.0681,0.0768585,0.073709,0.0790942,0.068427,0.0657831,0.0759972,0.085649,0.0784345,0.0669394,0.0558982,0.0413114,0.0161589,0.00267093,5.90995e-05,0,0,0.0326522,0.000443499,0,2.52562e-06,0.000166859,0.000268894,7.08857e-05,0,3.53587e-06,7.07174e-05,0.000585944,0.00850427,0.0224703,0.0277047,0.0522453,0.0648626,0.0762707,0.0723816,0.0755442,0.0680717,0.066561,0.0762166,0.0863035,0.0819941,0.0677065,0.0591337,0.0425922,0.0156269,0.00152312,2.20571e-05,0,0,0,0,0,0,0,0,0,0,0,0,0,0,0,0.418948,0.547368,0.000932627,0.0327512,0,0,0,0,0,0,0,0,0,0,0,0,0,0,0,0,0,0,0,0,0,0,0,0,0,0,0,0,0,0,0,0.0554293,0.630834,0.312709,0.00102709,0,0,0,0,0,0,0,0,0,0,0,0,11.5386,16.2575,14.8555
../dataset/Stones/Screenshot 2026-05-10 alle 11.22.53(1).png,Stone,0,0,0,5.98915e-07,0.221443,0.380812,0.207934,0.124555,0.0476263,0.0176297,0,0,0,0,0,0,0,0,0,0,0,0,0,0,0,0,0,0,0,0,0,0,0,0,0,0,0.0635724,0.442203,0.301363,0.130517,0.0496255,0.0111057,0.00152574,8.71421e-05,1.19783e-06,0,0,0,0,0,0,0,0,0,0,0,0,0,0,0,0,0,0,0,0,0,0,0,0,0,0,0,0,0,0,3.1443e-05,0.000780686,0.00256156,0.0110063,0.0237485,0.0372396,0.0427991,0.0490754,0.0605296,0.0769399,0.088125,0.098193,0.0933044,0.109315,0.111817,0.110421,0.0660675,0.0170071,0.000975633,6.13888e-05,1.19783e-06,0,0,0,0,0,0,0,0,0,0,0,1.01816e-05,0.000489314,0.0020411,0.00890078,0.0207824,0.0338597,0.0413428,0.0479584,0.0571137,0.0731575,0.0873586,0.100573,0.0973968,0.11132,0.120151,0.11713,0.0675504,0.0123975,0.000434513,3.26409e-05,0,0,0,0,0,0,0,0,0,0,0,0,0,0,0.0284404,0.971557,2.39566e-06,0,0,0,0,0,0,0,0,0,0,0,0,0,0,0,0,0,0,0,0,0,0,0,0,0,0,0,0,0,0,0,0,0.019023,0.553026,0.426239,0.0017117,0,0,0,0,0,0,0,0,0,0,0,0,13.1921,11.8595,16.534
../dataset/Stones/Screenshot 2026-05-10 alle 11.22.53.png,Stone,0,0,0,5.98915e-07,0.221443,0.380812,0.207934,0.124555,0.0476263,0.0176297,0,0,0,0,0,0,0,0,0,0,0,0,0,0,0,0,0,0,0,0,0,0,0,0,0,0,0.0635724,0.442203,0.301363,0.130517,0.0496255,0.0111057,0.00152574,8.71421e-05,1.19783e-06,0,0,0,0,0,0,0,0,0,0,0,0,0,0,0,0,0,0,0,0,0,0,0,0,0,0,0,0,0,0,3.1443e-05,0.000780686,0.00256156,0.0110063,0.0237485,0.0372396,0.0427991,0.0490754,0.0605296,0.0769399,0.088125,0.098193,0.0933044,0.109315,0.111817,0.110421,0.0660675,0.0170071,0.000975633,6.13888e-05,1.19783e-06,0,0,0,0,0,0,0,0,0,0,0,1.01816e-05,0.000489314,0.0020411,0.00890078,0.0207824,0.0338597,0.0413428,0.0479584,0.0571137,0.0731575,0.0873586,0.100573,0.0973968,0.11132,0.120151,0.11713,0.0675504,0.0123975,0.000434513,3.26409e-05,0,0,0,0,0,0,0,0,0,0,0,0,0,0,0.0284404,0.971557,2.39566e-06,0,0,0,0,0,0,0,0,0,0,0,0,0,0,0,0,0,0,0,0,0,0,0,0,0,0,0,0,0,0,0,0,0.019023,0.553026,0.426239,0.0017117,0,0,0,0,0,0,0,0,0,0,0,0,13.1921,11.8595,16.534
../dataset/Stones/Screenshot 2026-05-10 alle 11.23.10.png,Stone,0.0326389,1.38067e-05,4.37774e-06,2.89604e-05,0.167068,0.199787,0.0878038,0.137167,0.15376,0.221366,0.000362174,0,0,0,0,0,0,0,0,0,0,0,0,0,0,0,0,0,0,0,0,0,0.0326389,0,0,0,0.0186327,0.115178,0.20371,0.229632,0.119696,0.0632811,0.0657417,0.0792607,0.0557155,0.0154268,0.001068,9.09223e-06,3.36749e-07,9.93411e-06,0,0,0,0,0,0,0,0,0,0,0,0,0,0,0.0325866,0.000391976,0.000117189,0,0.00021552,0.000127628,5.96046e-05,0.000106413,0,0.000207774,0.0183059,0.0456228,0.0610483,0.0816828,0.0953273,0.0982077,0.0560214,0.0522153,0.0525661,0.0486621,0.0493573,0.0537511,0.044803,0.0436742,0.0422275,0.0398204,0.0398501,0.0292635,0.0129849,0.000732935,5.4385e-05,8.25036e-06,0.0325876,0.000508155,0,5.89311e-06,0.000231515,0.000105066,4.56295e-05,8.35138e-05,3.75476e-05,0.000242628,0.0184899,0.0437985,0.0563892,0.0802878,0.0950192,0.0952238,0.0554569,0.0507862,0.0515351,0.0502725,0.0490086,0.0552173,0.0458671,0.0459937,0.0449203,0.0438579,0.0424993,0.0308041,0.0104333,0.000259634,3.06442e-05,1.51537e-06,0,0,0,0,0,0,0,0,0,0,0,0,0,0.282841,0.683399,0.00104561,0.0327144,0,0,0,0,0,0,0,0,0,0,0,0,0,0,0,0,0,0,0,0,0,0,0,0,0,0,0,0,0,0,0,0.225095,0.457488,0.312325,0.00509148,0,0,0,0,0,0,0,0,0,0,0,0,13.6698,20.0644,16.7577
../dataset/Stones/Screenshot 2026-05-10 alle 11.26.07.png,Stone,0.131413,3.77159e-05,0.000114158,0.000241281,0.167548,0.389481,0.152702,0.0753061,0.0725003,0.0106564,0,0,0,0,0,0,0,0,0,0,0,0,0,0,0,0,0,0,0,0,0,0,0.131413,0,0,0,0.0033749,0.100529,0.297424,0.270614,0.126353,0.0496308,0.0142272,0.00566463,0.000403089,4.00732e-05,0.000272599,0,0,5.42166e-05,0,0,0,0,0,0,0,0,0,0,0,0,0,0,0.131365,0.000903162,0.000115168,5.92679e-05,0.000283375,0.000223265,0.000330856,0.000121567,0.000125271,0.000188243,0.000109275,0.00871339,0.0240131,0.0328842,0.0395251,0.0399678,0.0555945,0.0707121,0.0597893,0.0574326,0.0605017,0.0690015,0.0756652,0.0780046,0.0787869,0.0644121,0.0383111,0.0120415,0.000799611,1.93631e-05,3.36749e-07,0,0.131441,0.000942393,0,0.000165344,0.00018336,0.000200197,0.0002662,0.000203228,0.000106413,0.000173258,0.000111801,0.00745142,0.0203871,0.0313083,0.0378868,0.0378136,0.0512467,0.0670766,0.0599358,0.0557347,0.0618881,0.068166,0.0783277,0.0829525,0.0841547,0.0699366,0.0405647,0.0107906,0.00057702,8.41873e-06,0,0,0,0,0,0,0,0,0,0,0,0,0,0,0,0.0818127,0.784402,0.00213095,0.131654,0,0,0,0,0,0,0,0,0,0,0,0,0,0,0,0,0,0,0,0,0,0,0,0,0,0,0,0,0,0,0,0.142989,0.323899,0.528854,0.00425853,0,0,0,0,0,0,0,0,0,0,0,0,12.4764,21.6358,15.8286
../dataset/Stones/Screenshot 2026-05-10 alle 11.26.14.png,Stone,0.131931,1.73426e-05,0.000956536,0.0352198,0.126915,0.118905,0.0807629,0.0797032,0.0720428,0.108484,0.169793,0.0751993,6.63396e-05,3.03074e-06,0,0,0,0,0,0,0,0,0,0,0,0,0,0,0,0,0,0,0.133129,0.134548,0.302895,0.115853,0.0518956,0.0589869,0.0760951,0.0848029,0.0295097,0.00852515,0.00246501,0.000926397,0.000206259,3.06442e-05,6.28037e-05,0,0,5.53953e-05,0,1.36383e-05,0,0,0,0,0,0,0,0,0,0,0,0,0.131366,0.00101715,0,0.000160461,0.000207101,0.00035123,0.000296171,8.11566e-05,0.000194304,0.000111801,0.00261435,0.0124762,0.0337584,0.0616179,0.0685425,0.070992,0.0738634,0.067844,0.0596961,0.0577975,0.0504326,0.051133,0.0541808,0.0570953,0.0531151,0.0468442,0.0300379,0.0113451,0.0027861,4.24304e-05,0,0,0.131527,0.000855848,3.03074e-06,0.000273946,9.58052e-05,0.000290615,0.000276808,0.000133858,0.000157599,0.000131164,0.00165815,0.0082251,0.021294,0.0502278,0.0663351,0.065112,0.0695721,0.0672165,0.0619663,0.0587215,0.0542661,0.0521899,0.0532721,0.0604792,0.0584274,0.0549275,0.0406507,0.0172012,0.00430517,0.000206596,0,0,0,0,0,0,0,0,0,0,0,0,0,0,0,0,0.277379,0.590202,0.132419,0,0,0,0,0,0,0,0,0,0,0,0,0,0,0,0,0,0,0,0,0,0,0,0,0,0,0,0,0,2.52562e-06,0.139183,0.788188,0.0726197,6.90336e-06,0,0,0,0,0,0,0,0,0,0,0,0,0,14.1498,22.7943,16.6314
../dataset/Stones/Screenshot 2026-05-10 alle 11.27.05.png,Stone,0.131927,1.09444e-05,5.05124e-05,0.000581398,0.0107618,0.0190055,0.0226728,0.0359674,0.0356988,0.0450342,0.0387934,0.143056,0.455001,0.0613754,2.18887e-05,1.26281e-05,1.09444e-05,6.73499e-06,3.19912e-06,5.05124e-07,5.05124e-07,7.24011e-06,0,0,0,0,0,0,0,0,0,0,0.138361,0.139653,0.0769834,0.0505316,0.0590071,0.0635823,0.0893031,0.0907649,0.0727328,0.0605219,0.058684,0.0365373,0.030039,0.0170717,0.0115601,0.00405564,0.000534253,6.28037e-05,1.4817e-05,0,0,0,0,0,0,0,0,0,0,0,0,0,0.131365,0.00101833,0,2.89604e-05,0.000285058,0.000375307,0.000329004,1.12811e-05,6.86969e-05,0.000151537,0.000121903,0.000659018,0.0116935,0.0381077,0.0680921,0.0886161,0.0839757,0.0610353,0.0642807,0.0656708,0.0603632,0.0597331,0.0647079,0.0582133,0.0503075,0.0452978,0.0294255,0.0128064,0.00305768,0.000167701,2.99707e-05,4.37774e-06,0.131622,0.000761222,0,0.000234041,0.000210973,0.000328331,0.000238755,9.12591e-05,0.000142108,5.23645e-05,0.000641507,0.0142093,0.0372795,0.0558923,0.0767873,0.0791102,0.0648109,0.0567631,0.0575173,0.0616556,0.0579988,0.0553599,0.0519813,0.052198,0.0463924,0.0416364,0.0333771,0.0177847,0.0046628,0.000224107,3.24963e-05,4.20937e-06,0,0,0,0,0,0,0,0,0,0,0,0,0,0,0.0966125,0.770636,0.132751,0,0,0,0,0,0,0,0,0,0,0,0,0,0,0,0,0,0,0,0,0,0,0,0,0,0,0,0,2.4246e-05,0.32823,0.345068,0.326577,0.000101362,0,0,0,0,0,0,0,0,0,0,0,0,0,0,12.6802,22.6006,14.9218
../dataset/Stones/Screenshot 2026-05-10 alle 11.27.18.png,Stone,0.132019,1.04392e-05,0.000151706,0.00224645,0.00451985,0.0093948,0.0191588,0.0484005,0.0578801,0.0814787,0.0832092,0.259278,0.28565,0.0166016,0,0,0,0,0,0,0,0,0,0,0,0,0,0,0,0,0,0,0.147908,0.181342,0.111869,0.0574439,0.0582137,0.0625695,0.0566759,0.0553065,0.0577946,0.0636658,0.0709275,0.0486148,0.0236368,0.00382598,0.000129985,0,1.63323e-05,5.96046e-05,0,0,0,0,0,0,0,0,0,0,0,0,0,0,0.131365,0.00101833,0,8.92386e-06,0.000284048,0.000526339,0.000199019,0,4.4956e-05,5.35431e-05,0.00372478,0.0139456,0.0207402,0.029951,0.0419847,0.0864043,0.101673,0.0501465,0.054446,0.0598666,0.0490691,0.0573242,0.0563188,0.0515442,0.062024,0.0680491,0.0455428,0.0134538,0.000276471,1.27965e-05,1.85212e-06,0,0.131513,0.000869655,0,4.61347e-05,0.000430702,0.000344158,0.000197335,0,4.02415e-05,0.000464041,0.00862078,0.0140278,0.0220323,0.0312128,0.0616827,0.0984988,0.0933075,0.0561011,0.041597,0.0405749,0.0440567,0.0453729,0.0469471,0.0488728,0.0566921,0.074524,0.0573738,0.0237551,0.000825036,1.70058e-05,2.18887e-06,0,0,0,0,0,0,0,0,0,0,0,0,0,0,0,0.164079,0.703685,0.132236,0,0,0,0,0,0,0,0,0,0,0,0,0,0,0,0,0,0,0,0,0,0,0,0,0,0,0,0,0.0177593,0.127839,0.446267,0.407066,0.00106817,0,0,0,0,0,0,0,0,0,0,0,0,0,0,12.2358,21.4398,16.1657
../dataset/Stones/Screenshot 2026-05-10 alle 11.32.18.png,Stone,0.132207,3.50219e-05,0.000265358,0.00382867,0.0262951,0.0435097,0.0549807,0.0711243,0.075692,0.178785,0.207679,0.183843,0.0216473,7.61053e-05,2.22255e-05,1.347e-06,6.73499e-07,1.01025e-06,1.347e-06,0,1.51537e-06,2.86237e-06,0,0,0,0,0,0,0,0,0,0,0.133747,0.207953,0.195324,0.150133,0.111088,0.0710741,0.0516038,0.0341093,0.0209483,0.0116204,0.00663362,0.0040319,0.00133858,0.000269736,1.33016e-05,2.0205e-06,0,0.000109444,0,0,0,0,0,0,0,0,0,0,0,0,0,0,0.131366,0.00100553,1.14495e-05,0.000210132,0.000287247,3.46852e-05,0.000334224,0.00018858,0.000350219,0.000621639,0.00792758,0.0240924,0.0417514,0.0523251,0.049977,0.0485252,0.0466573,0.0490112,0.0501095,0.0496951,0.0566188,0.0577389,0.0583012,0.071556,0.080179,0.0740017,0.0390316,0.00748863,0.000511859,8.78916e-05,3.03074e-06,0,0.131495,0.000888176,0,0.0003812,0.000116347,2.2899e-05,0.000262159,0.000314019,0.000278323,0.000825709,0.00719465,0.0212075,0.0338578,0.0422836,0.0451717,0.0478464,0.0452837,0.0460885,0.0498668,0.051609,0.0524226,0.0595603,0.0605088,0.0709797,0.0796506,0.084551,0.0530885,0.0134117,0.000750277,8.11566e-05,2.0205e-06,0,0,0,0,0,0,0,0,0,0,0,0,0,0,0,0.11442,0.753075,0.132506,0,0,0,0,0,0,0,0,0,0,0,0,0,0,0,0,0,0,0,0,0,0,0,0,0,0,0,0,0,0.000177467,0.283471,0.71545,0.000901983,0,0,0,0,0,0,0,0,0,0,0,0,0,0,16.3368,24.305,18.7899
../dataset/Stones/Screenshot 2026-05-10 alle 11.33.52.png,Stone,0.131916,1.27965e-05,6.73499e-06,0.0216963,0.127539,0.156002,0.0834574,0.0873979,0.133811,0.162046,0.0902847,0.00582172,7.07174e-06,0,0,0,0,0,0,0,0,0,0,0,0,0,0,0,0,0,0,0,0.131916,0.00227457,0.174595,0.274603,0.182819,0.101631,0.0487453,0.0321424,0.021709,0.0158476,0.00903616,0.00347761,0.000740343,0.000192789,0.000250036,0,1.27965e-05,2.18887e-06,5.38799e-06,1.68375e-07,0,0,0,0,0,0,0,0,0,0,0,0,0.131405,0.000978088,1.85212e-06,0.000201713,0.000320922,0.000363184,0.000175278,0.000877905,0.00574579,0.0144314,0.0181764,0.0237359,0.0285156,0.0347631,0.0418455,0.0491033,0.0575875,0.0690154,0.0705539,0.0597644,0.0513001,0.052595,0.0567593,0.061749,0.0613704,0.0511803,0.0334917,0.0170872,0.00555754,0.00114747,0.000157935,4.20937e-05,0.131717,0.000666259,6.70131e-05,0.000173931,0.000315534,0.000309473,0.000197167,0.000867971,0.00473116,0.0120255,0.0165743,0.0200802,0.0250366,0.0295503,0.0371411,0.0444605,0.051521,0.0633121,0.0719337,0.0657924,0.0535571,0.0516523,0.0556421,0.0647007,0.0668205,0.0600054,0.0408664,0.0217282,0.00723422,0.00115454,0.000137225,2.86237e-05,0,0,0,0,0,0,0,0,0,0,0,0,0,0,0.34752,0.520458,0.132022,0,0,0,0,0,0,0,0,0,0,0,0,0,0,0,0,0,0,0,0,0,0,0,0,0,0,0,0,0,3.87262e-06,0.0229075,0.709227,0.260141,0.00772048,0,0,0,0,0,0,0,0,0,0,0,0,0,19.6268,27.3748,21.6996
../dataset/Stones/Screenshot 2026-05-10 alle 11.33.59.png,Stone,0.131588,8.80599e-05,9.19326e-05,0.0451995,0.282211,0.239757,0.16319,0.1021,0.0351482,0.000625343,3.36749e-07,6.73499e-07,0,0,0,0,0,0,0,0,0,0,0,0,0,0,0,0,0,0,0,0,0.131588,9.09223e-06,1.0776e-05,0.000184539,0.0328379,0.185838,0.349397,0.19802,0.0685406,0.0232389,0.00811583,0.0014428,0.000212994,3.77159e-05,0.00033254,4.20937e-06,5.21961e-06,6.68447e-05,0,5.48901e-05,0,6.21302e-05,0,0,0,0,0,0,0,0,0,0,0.131365,0.00101766,5.05124e-07,0.000314355,0.00029213,0.000287416,0.00020306,0.000339107,0.00441647,0.0124532,0.0221398,0.0286198,0.0398278,0.050454,0.053943,0.0590756,0.0630317,0.062764,0.058243,0.0562062,0.0504232,0.0471777,0.0469228,0.0482656,0.0484532,0.0416601,0.0319993,0.0215141,0.0121225,0.00457625,0.00135272,0.000538631,0.131756,0.00062669,0.000105739,0.000256435,0.00025997,0.000246837,0.000232694,0.000358133,0.00377227,0.0106192,0.018169,0.0255495,0.0331501,0.0443083,0.0518264,0.0556453,0.0608876,0.0633368,0.06089,0.0572548,0.0527983,0.0499749,0.0483124,0.0512287,0.0514651,0.048025,0.035667,0.0250917,0.0126816,0.00437168,0.000992569,0.000139077,0,0,0,0,0,0,0,0,0,0,0,0,0,3.03074e-05,0.702218,0.165971,0.13178,0,0,0,0,0,0,0,0,0,0,0,0,0,0,0,0,0,0,0,0,0,0,0,0,0,0,0,0,0,0,0,0.150695,0.528732,0.311811,0.00875212,9.26061e-06,0,0,0,0,0,0,0,0,0,0,0,19.8232,26.7311,19.8157
../dataset/Vegetation/Screenshot 2026-05-10 alle 11.16.04.png,Vegetation,0.0328772,0,0,0,4.93338e-05,0.00130676,0.0703845,0.134068,0.333046,0.327417,0.100851,5.05124e-07,0,0,0,0,0,0,0,0,0,0,0,0,0,0,0,0,0,0,0,0,0.0328772,0,0.0161744,0.39645,0.255656,0.156924,0.0861509,0.0322084,0.0189558,0.00431224,0.000290615,0,0,0,0,0,0,0,0,0,0,0,0,0,0,0,0,0,0,0,0,0,0.0325866,0.000290615,0.00021855,0,0,0,0.000352408,0.000156757,0,0,0,0,0,2.13836e-05,0.00155073,0.0131563,0.0384366,0.066525,0.0783806,0.0742392,0.0943413,0.133269,0.145336,0.186636,0.123805,0.0106012,9.49633e-05,2.0205e-06,0,0,0,0,0.0325866,0.000509165,0,0,0,0,0.000124429,0.000384736,0,0,0,0,0,5.05124e-07,0.000905687,0.00843624,0.029595,0.0573297,0.077467,0.074989,0.0862326,0.128659,0.143674,0.194538,0.147783,0.0166102,0.000173089,1.68375e-06,0,0,0,0,0,0,0,0,0,0,0,0,0,0,0,0,0,5.05124e-07,0.958097,0.00902572,0.0328772,0,0,0,0,0,0,0,0,0,0,0,0,0,0,0,0,0,0,0,0,0,0,0,0,0,0,0,0,0,0,0.000829919,0.897635,0.101535,0,0,0,0,0,0,0,0,0,0,0,0,0,0,8.45496,16.1122,13.6721
../dataset/Vegetation/Screenshot 2026-05-10 alle 11.20.52.png,Vegetation,0.0328802,0,0,0,0.00031284,0.0499426,0.0926113,0.177151,0.431883,0.205399,0.00981995,0,0,0,0,0,0,0,0,0,0,0,0,0,0,0,0,0,0,0,0,0,0.0328802,1.17862e-06,0.0860166,0.509847,0.250975,0.069667,0.0355484,0.0129948,0.00184555,8.41873e-06,0.00021552,0,0,0,0,0,0,0,0,0,0,0,0,0,0,0,0,0,0,0,0,0,0.0325866,0.000312672,0.000196493,0,0,5.05124e-07,0.000404436,0.000104224,0,0,0,0,0.000288257,0.00527821,0.0286001,0.0544167,0.0731633,0.0927401,0.088036,0.0911845,0.0911683,0.0959587,0.0984406,0.108595,0.0952839,0.0423435,0.000897774,0,0,0,0,0,0.0325866,0.000509165,0,0,0,5.05124e-07,0.000287247,0.000221413,0,0,0,0,6.73499e-07,0.00197217,0.0153536,0.0457521,0.0599538,0.0834748,0.0933346,0.0909695,0.0935653,0.097382,0.106433,0.118692,0.105819,0.051808,0.00188361,0,0,0,0,0,0,0,0,0,0,0,0,0,0,0,0,0,0,0,0.726353,0.240766,0.0328802,0,0,0,0,0,0,0,0,0,0,0,0,0,0,0,0,0,0,0,0,0,0,0,0,0,0,0,0,0,0,1.68375e-07,0.888607,0.111393,0,0,0,0,0,0,0,0,0,0,0,0,0,0,9.3469,16.1308,14.2274
../dataset/Vegetation/Screenshot 2026-05-10 alle 11.20.59.png,Vegetation,0.0328113,0,0,6.06149e-06,0.000396691,0.050752,0.158659,0.226294,0.343847,0.170908,0.0163231,2.86237e-06,0,0,0,0,0,0,0,0,0,0,0,0,0,0,0,0,0,0,0,0,0.0328113,7.57686e-06,0.159621,0.500042,0.200876,0.0660839,0.0240363,0.0114281,0.00378489,0.000934143,0.000375307,0,0,0,0,0,0,0,0,0,0,0,0,0,0,0,0,0,0,0,0,0,0.0325866,0.000285395,0.00022377,0,0,6.73499e-07,0.000355944,0.000152547,0,0,0,0,0.00108568,0.00297956,0.00988342,0.0223603,0.0344129,0.0618427,0.0918452,0.120286,0.126358,0.129078,0.129441,0.113186,0.0782026,0.0400452,0.0052676,0.000120388,0,0,0,0,0.0325866,0.000509165,0,0,0,3.36749e-07,0.000255424,0.000253404,0,0,0,0,0.000545534,0.00228552,0.0049487,0.0180351,0.0274856,0.0468262,0.0780964,0.111915,0.127668,0.13293,0.134652,0.129046,0.0932235,0.0504792,0.0081362,0.000122577,0,0,0,0,0,0,0,0,0,0,0,0,0,0,0,0,0,0,0.648209,0.31898,0.0328113,0,0,0,0,0,0,0,0,0,0,0,0,0,0,0,0,0,0,0,0,0,0,0,0,0,0,0,0,0,0,1.46486e-05,0.856032,0.143954,0,0,0,0,0,0,0,0,0,0,0,0,0,0,10.5156,16.4397,15.4557
../dataset/Vegetation/Screenshot 2026-05-10 alle 11.25.47.png,Vegetation,0.131558,6.73499e-07,7.98096e-05,6.90336e-06,0.000146823,0.178647,0.423897,0.22565,0.0399018,0.000111296,0,0,0,0,0,0,0,0,0,0,0,0,0,0,0,0,0,0,0,0,0,0,0.131558,0,0,0,0.00125709,0.137278,0.401907,0.249243,0.0658961,0.0115582,0.00104662,0.000187906,4.54612e-06,2.76134e-05,3.60322e-05,0,0,0,0,0,0,0,0,0,0,0,0,0,0,0,0,0,0.131365,0.000914948,0.000103382,0,0.000154736,0.000244817,0.000400058,0.000218719,0,0,0.000145476,0.000163997,5.25329e-05,0.000877064,0.00710558,0.022671,0.048965,0.0833867,0.0916716,0.0966018,0.0987194,0.108648,0.101217,0.0913512,0.0724553,0.0344882,0.00801211,6.71815e-05,0,0,0,0,0.131404,0.000978593,0,0,0.00026418,0.000117357,0.000339107,0.000297686,0,0,9.95094e-05,0.000184539,6.68447e-05,0.0004765,0.00570117,0.0204772,0.044003,0.0783565,0.0912823,0.0961865,0.102244,0.111784,0.108311,0.0977701,0.074969,0.0302653,0.00442169,0,0,0,0,0,0,0,0,0,0,0,0,0,0,0,0,0,0,0.21966,0.64695,0.00174352,0.131646,0,0,0,0,0,0,0,0,0,0,0,0,0,0,0,0,0,0,0,0,0,0,0,0,0,0,0,0,0,0,0,0.133414,0.507541,0.359045,0,0,0,0,0,0,0,0,0,0,0,0,0,9.21676,19.9678,14.249
../dataset/Vegetation/Screenshot 2026-05-10 alle 11.26.00.png,Vegetation,0.131521,4.25988e-05,2.89604e-05,8.25036e-05,0.0333437,0.298056,0.309445,0.17055,0.0566539,0.000275798,0,0,0,0,0,0,0,0,0,0,0,0,0,0,0,0,0,0,0,0,0,0,0.131521,0,0,0,0.0073019,0.178651,0.347043,0.227805,0.0824342,0.02177,0.00304017,0.000296508,6.73499e-07,1.44802e-05,0.000111127,0,0,1.11127e-05,0,0,0,0,0,0,0,0,0,0,0,0,0,0,0.131365,0.000967144,5.11859e-05,0,0.000226464,0.000157767,0.000632752,1.347e-06,0,7.49267e-05,0.000169048,0.000294992,0.00293999,0.00709716,0.0144726,0.0292809,0.0462177,0.0663411,0.0681471,0.0768464,0.0812071,0.0882377,0.100136,0.101451,0.0960296,0.0661436,0.0208311,0.000680907,0,0,0,0,0.131367,0.00101614,0,0,0.000271757,0.000132679,0.000544187,6.97071e-05,0,4.765e-05,0.000159114,0.000156588,0.00221025,0.00608388,0.0132524,0.0273368,0.0437811,0.0643223,0.0671332,0.0770211,0.081087,0.0906664,0.100749,0.101711,0.101804,0.0687524,0.0200219,0.000302233,0,0,0,0,0,0,0,0,0,0,0,0,0,0,0,0,0,0.219485,0.647013,0.0018272,0.131675,0,0,0,0,0,0,0,0,0,0,0,0,0,0,0,0,0,0,0,0,0,0,0,0,0,0,0,0,0,0,0,0.133397,0.486621,0.379982,0,0,0,0,0,0,0,0,0,0,0,0,0,10.9617,20.8291,15.3256
../dataset/Vegetation/Screenshot 2026-05-10 alle 11.30.03.png,Vegetation,0.148542,0.00785333,0.00710036,0.00197958,0.00141148,0.00167819,0.00251602,0.00150359,0.00162869,0.00302788,0.0178789,0.0690398,0.529382,0.137997,0.0154868,0.0114904,0.0138712,0.00760515,0.00432874,0.00409319,0.00376536,0.00723237,0.000588806,0,0,0,0,0,0,0,0,0,0.224305,0.113449,0.0740699,0.0655462,0.0671707,0.0700164,0.0764731,0.0734595,0.0817232,0.0744824,0.0464889,0.0206774,0.00867197,0.00281842,0.000515732,0.000113148,9.93411e-06,8.58711e-06,0,0,0,0,0,0,0,0,0,0,0,0,0,0,0.131384,0.000997283,1.347e-06,0.000161135,0.000237408,0.000427503,9.37847e-05,0.00024549,0.0028489,0.0136703,0.0234928,0.0336621,0.0432144,0.0546426,0.0709627,0.0842484,0.0931706,0.0843165,0.0710799,0.0510285,0.0380353,0.0302803,0.0285329,0.0283418,0.0284137,0.0295312,0.0267674,0.018301,0.00964198,0.00198884,0.000242796,3.67057e-05,0.131642,0.00074068,4.51244e-05,0.000249363,0.000385746,0.000140424,0.00013773,0.00248319,0.00979115,0.0169974,0.025548,0.0349169,0.0452527,0.0591731,0.0781984,0.0914763,0.0903103,0.0737641,0.0526947,0.0428941,0.0362132,0.0298796,0.0294179,0.0296511,0.0294502,0.0295839,0.0263395,0.0196131,0.0106263,0.00230337,7.20644e-05,8.08198e-06,0,0,0,0,0,0,0,0,0,0,0,0,0,0,0.000923367,0.708699,0.290378,0,0,0,0,0,0,0,0,0,0,0,0,0,0,0,0,0,0,0,0,0,0,0,0,0,0,0,0,4.37774e-06,0.205017,0.592828,0.202137,1.347e-05,0,0,0,0,0,0,0,0,0,0,0,0,0,0,18.5165,25.0523,18.8968
../dataset/Vegetation/Screenshot 2026-05-10 alle 11.30.45.png,Vegetation,0.142354,0.0053725,0.00479868,0.00160697,0.00120135,0.00109241,0.00190179,0.00094475,0.00138875,0.00142529,0.00753005,0.0142869,0.438409,0.349122,0.00878832,0.00633863,0.00606065,0.00171776,0.00142967,0.00072721,0.000757012,0.00272902,1.7511e-05,0,0,0,0,0,0,0,0,0,0.189908,0.0737786,0.0577389,0.054947,0.0596334,0.0613485,0.0743655,0.0818228,0.077957,0.0679217,0.0701924,0.0601389,0.0413811,0.0200888,0.00672455,0.00171607,0.000160798,0.000170227,6.06149e-06,0,0,0,0,0,0,0,0,0,0,0,0,0,0.131365,0.00101463,3.70424e-06,6.36456e-05,0.000523477,0.000315702,0.000115505,3.36749e-06,0.000138741,0.00157447,0.0169046,0.0414035,0.0634483,0.0721608,0.0854254,0.0993518,0.106093,0.0779393,0.0625029,0.0521946,0.0411831,0.0303514,0.0262397,0.0249551,0.0235886,0.0185872,0.0127495,0.00641188,0.00264567,0.000676866,6.9202e-05,0,0.131715,0.000668111,3.13177e-05,0.000368067,0.000265358,0.00023101,0.000117862,0.000218887,0.0042129,0.0203147,0.0414946,0.0565815,0.0730044,0.0873183,0.101782,0.0886733,0.0692222,0.0570761,0.0474044,0.0386573,0.0319131,0.0281351,0.0270755,0.0255892,0.0230367,0.0193966,0.0135917,0.00767368,0.00339612,0.00082773,7.24011e-06,0,0,0,0,0,0,0,0,0,0,0,0,0,0,0,5.05124e-07,0.749833,0.250167,0,0,0,0,0,0,0,0,0,0,0,0,0,0,0,0,0,0,0,0,0,0,0,0,0,0,0,0,0.00952967,0.413362,0.402927,0.174074,0.000108265,0,0,0,0,0,0,0,0,0,0,0,0,0,0,12.4593,20.4065,13.4533
../dataset/Vegetation/Screenshot 2026-05-10 alle 11.32.55.png,Vegetation,0.132176,0,0,1.68375e-06,0.000697913,0.0060332,0.00623441,0.00929647,0.0684926,0.153129,0.273413,0.293376,0.05713,2.08785e-05,0,0,0,0,0,0,0,0,0,0,0,0,0,0,0,0,0,0,0.132176,0.00096445,0.0885029,0.20602,0.208801,0.146608,0.0867121,0.0502661,0.0317533,0.0297695,0.0170377,0.00123099,8.11566e-05,2.18887e-06,1.41435e-05,0,5.72474e-06,5.50585e-05,0,0,0,0,0,0,0,0,0,0,0,0,0,0,0.131365,0.00100149,1.68375e-05,0,0.00037497,0.000255088,0.00038541,2.86237e-06,1.68375e-06,0.000288089,0.000106076,4.0915e-05,0.000563213,0.0131137,0.032547,0.0478884,0.0689496,0.0897461,0.0843894,0.0838203,0.0768706,0.0834195,0.098368,0.0939295,0.0658486,0.0207694,0.00520564,0.000688652,4.44509e-05,0,0,0,0.131412,0.000970848,0,9.81624e-05,0.000313345,0.000180666,0.000326984,9.91727e-05,6.22986e-06,0.0002497,0.000110454,7.37481e-05,0.00187603,0.0143132,0.0247666,0.0442271,0.0717517,0.076757,0.0766672,0.0816893,0.0766014,0.0793484,0.097187,0.106,0.0801315,0.0271007,0.00670805,0.000947613,8.58711e-05,0,0,0,0,0,0,0,0,0,0,0,0,0,0,0,0,0,0.469315,0.398488,0.132197,0,0,0,0,0,0,0,0,0,0,0,0,0,0,0,0,0,0,0,0,0,0,0,0,0,0,0,0,0,0.022621,0.431394,0.542428,0.00355641,0,0,0,0,0,0,0,0,0,0,0,0,0,0,11.7218,20.6953,16.0521
../dataset/Vegetation/Screenshot 2026-05-10 alle 11.32.57.png,Vegetation,0.132176,0,0,1.68375e-06,0.000697913,0.0060332,0.00623441,0.00929647,0.0684926,0.153129,0.273413,0.293376,0.05713,2.08785e-05,0,0,0,0,0,0,0,0,0,0,0,0,0,0,0,0,0,0,0.132176,0.00096445,0.0885029,0.20602,0.208801,0.146608,0.0867121,0.0502661,0.0317533,0.0297695,0.0170377,0.00123099,8.11566e-05,2.18887e-06,1.41435e-05,0,5.72474e-06,5.50585e-05,0,0,0,0,0,0,0,0,0,0,0,0,0,0,0.131365,0.00100149,1.68375e-05,0,0.00037497,0.000255088,0.00038541,2.86237e-06,1.68375e-06,0.000288089,0.000106076,4.0915e-05,0.000563213,0.0131137,0.032547,0.0478884,0.0689496,0.0897461,0.0843894,0.0838203,0.0768706,0.0834195,0.098368,0.0939295,0.0658486,0.0207694,0.00520564,0.000688652,4.44509e-05,0,0,0,0.131412,0.000970848,0,9.81624e-05,0.000313345,0.000180666,0.000326984,9.91727e-05,6.22986e-06,0.0002497,0.000110454,7.37481e-05,0.00187603,0.0143132,0.0247666,0.0442271,0.0717517,0.076757,0.0766672,0.0816893,0.0766014,0.0793484,0.097187,0.106,0.0801315,0.0271007,0.00670805,0.000947613,8.58711e-05,0,0,0,0,0,0,0,0,0,0,0,0,0,0,0,0,0,0.469315,0.398488,0.132197,0,0,0,0,0,0,0,0,0,0,0,0,0,0,0,0,0,0,0,0,0,0,0,0,0,0,0,0,0,0.022621,0.431394,0.542428,0.00355641,0,0,0,0,0,0,0,0,0,0,0,0,0,0,11.7218,20.6953,16.0521
../dataset/Vegetation/Screenshot 2026-05-10 alle 11.33.08.png,Vegetation,0.132179,0,0,0,0.000163323,0.00218079,0.00551191,0.00611874,0.0500788,0.116179,0.245195,0.376721,0.0655757,9.59736e-05,0,0,0,0,0,0,0,0,0,0,0,0,0,0,0,0,0,0,0.132181,0.00183831,0.0793829,0.168296,0.21064,0.168711,0.111653,0.0658143,0.0300377,0.0270058,0.00436175,4.34407e-05,2.35725e-06,0,3.53587e-06,0,3.06442e-05,0,0,0,0,0,0,0,0,0,0,0,0,0,0,0,0.131365,0.0010089,9.42898e-06,0,0.000304253,0.000284048,0.000425146,4.88287e-06,0,3.99048e-05,0.000304758,0.000163997,0.000222255,0.00712343,0.029144,0.0489915,0.0563164,0.0855572,0.107271,0.0968962,0.0799865,0.0716919,0.0787372,0.0845825,0.0786953,0.0344198,0.00533933,0.000971185,0.00014396,0,0,0,0.131428,0.000954853,0,0,0.000373792,0.000251047,0.000287079,0.000106413,0,1.68375e-05,0.00026418,0.00019161,0.000354765,0.00596956,0.0244108,0.0430704,0.053877,0.0889208,0.102413,0.0890318,0.0809379,0.0737501,0.0753037,0.0863838,0.0882674,0.0447656,0.0069069,0.00155376,0.000208616,0,0,0,0,0,0,0,0,0,0,0,0,0,0,0,0,0,0.422639,0.445085,0.132275,0,0,0,0,0,0,0,0,0,0,0,0,0,0,0,0,0,0,0,0,0,0,0,0,0,0,0,0,0,0.026616,0.516471,0.456305,0.000608001,0,0,0,0,0,0,0,0,0,0,0,0,0,0,12.1444,20.5816,16.4952
../dataset/Vegetation/Screenshot 2026-05-10 alle 11.33.33.png,Vegetation,0.13209,0,0,4.88287e-06,3.48536e-05,0.001101,0.0137338,0.0377584,0.0831429,0.134222,0.234018,0.247187,0.116674,3.30014e-05,0,0,0,0,0,0,0,0,0,0,0,0,0,0,0,0,0,0,0.132091,0.00268356,0.135973,0.197664,0.183225,0.150551,0.127943,0.0560433,0.0128142,0.000740512,0.000111632,0.00015743,0,0,0,0,1.51537e-06,0,0,0,0,0,0,0,0,0,0,0,0,0,0,0,0.131365,0.000975058,4.32723e-05,0,7.07174e-06,0.000447203,0.000456632,0.000107423,0,0,2.54246e-05,0.00029011,0.000697745,0.00467829,0.00811465,0.0143854,0.0366663,0.068788,0.093129,0.110271,0.114581,0.102308,0.0863156,0.0779514,0.0768337,0.0550171,0.0163332,0.000211142,2.18887e-06,0,0,0,0.131365,0.00101833,0,0,2.50878e-05,0.000443836,0.000350388,0.000199019,0,0,3.36749e-06,0.000133353,0.000344495,0.00287466,0.00619905,0.011202,0.0293501,0.061748,0.0931844,0.120417,0.115076,0.0990166,0.0827422,0.0769908,0.0797092,0.0658368,0.0214097,0.00035847,2.52562e-06,0,0,0,0,0,0,0,0,0,0,0,0,0,0,0,0,0,0.274915,0.59296,0.132124,0,0,0,0,0,0,0,0,0,0,0,0,0,0,0,0,0,0,0,0,0,0,0,0,0,0,0,0,0,0.0125715,0.435837,0.55089,0.000700944,0,0,0,0,0,0,0,0,0,0,0,0,0,0,12.7073,21.7961,17.3509
